,0
Acquisition Preparation Modeling Training Prediction,19470
Acquisition Preparation Training Prediction,7485
Acquisition Preparation,192948
Acquisition Preparation Modeling Training,16878
Acquisition Preparation Modeling Prediction,9273
Acquisition Modeling Prediction,1164
Preparation Training Evaluation Prediction,3880
Preparation Prediction,27987
Acquisition Preparation Modeling Training Evaluation Prediction,22542
Preparation Training Prediction,13096
Preparation Evaluation,28323
Modeling,29579
Acquisition,71151
Preparation,488021
Acquisition Preparation Prediction,17595
Evaluation,8484
Acquisition Preparation Modeling Training Evaluation,12101
Preparation Modeling,73549
Modeling Evaluation Prediction,201
Training,11438
Acquisition Preparation Training,14586
Acquisition Preparation Training Evaluation Prediction,5395
Acquisition Preparation Evaluation,19181
Acquisition Training Evaluation,530
Acquisition Preparation Training Evaluation,4571
Preparation Modeling Training Evaluation,9945
Modeling Training,4350
Preparation Evaluation Prediction,5666
Preparation Modeling Training,14627
Acquisition Training,2533
Modeling Training Evaluation Prediction,823
Acquisition Modeling,7625
Acquisition Preparation Modeling,43664
Acquisition Preparation Evaluation Prediction,5138
Acquisition Prediction,1730
Acquisition Evaluation,2351
Preparation Modeling Training Prediction,14180
Prediction,4775
Preparation Training,25842
Training Prediction,2826
Acquisition Modeling Training,1783
Modeling Evaluation,1298
Preparation Modeling Evaluation,11180
Acquisition Preparation Modeling Evaluation,8016
Preparation Modeling Training Evaluation Prediction,9832
Modeling Training Prediction,2104
Acquisition Preparation Modeling Evaluation Prediction,2593
Preparation Modeling Prediction,7177
Acquisition Evaluation Prediction,190
Evaluation Prediction,578
Preparation Modeling Evaluation Prediction,2498
Training Evaluation,1387
Acquisition Modeling Training Evaluation Prediction,604
Acquisition Modeling Training Prediction,949
Acquisition Training Evaluation Prediction,371
Acquisition Training Prediction,992
Preparation Training Evaluation,5211
Modeling Training Evaluation,1744
Acquisition Modeling Evaluation Prediction,54
Acquisition Modeling Evaluation,363
Modeling Prediction,691
Acquisition Modeling Training Evaluation,584
Training Evaluation Prediction,957
